{
  "total_requests": 200,
  "successful_requests": 200,
  "failed_requests": 0,
  "total_time_seconds": 2.040844202041626,
  "throughput_rps": 97.99866143624456,
  "avg_latency_ms": 15.884506702423096,
  "median_latency_ms": 15.625596046447754,
  "p95_latency_ms": 22.91436195373535,
  "p99_latency_ms": 26.502375602722168,
  "min_latency_ms": 6.142616271972656,
  "max_latency_ms": 27.510404586791992,
  "avg_hops": 1,
  "max_queue_size": 6,
  "avg_queue_size": 0.6,
  "final_queue_size": 0,
  "avg_processing_time_ms": 6.041726112365723,
  "total_records_returned": 20000,
  "avg_records_per_query": 100,
  "max_records_per_query": 100,
  "min_records_per_query": 100
}