{
  "total_requests": 200,
  "successful_requests": 200,
  "failed_requests": 0,
  "total_time_seconds": 2.100522994995117,
  "throughput_rps": 95.21438254974443,
  "avg_latency_ms": 19.850062131881714,
  "median_latency_ms": 19.475460052490234,
  "p95_latency_ms": 29.47561740875244,
  "p99_latency_ms": 36.853768825531006,
  "min_latency_ms": 5.959749221801758,
  "max_latency_ms": 37.86516189575195,
  "avg_hops": 1,
  "max_queue_size": 6,
  "avg_queue_size": 0.7,
  "final_queue_size": 0,
  "avg_processing_time_ms": 7.546934127807617,
  "total_records_returned": 20000,
  "avg_records_per_query": 100,
  "max_records_per_query": 100,
  "min_records_per_query": 100
}