{
  "total_requests": 200,
  "successful_requests": 200,
  "failed_requests": 0,
  "total_time_seconds": 8.574901580810547,
  "throughput_rps": 23.323882859200687,
  "avg_latency_ms": 605.6252598762512,
  "median_latency_ms": 26.09837055206299,
  "p95_latency_ms": 2072.8428959846497,
  "p99_latency_ms": 4055.097677707672,
  "min_latency_ms": 3.519296646118164,
  "max_latency_ms": 4096.318960189819,
  "avg_hops": 1,
  "max_queue_size": 6,
  "avg_queue_size": 1.6,
  "final_queue_size": 0,
  "avg_processing_time_ms": 511.6854248046875,
  "total_records_returned": 20000,
  "avg_records_per_query": 100,
  "max_records_per_query": 100,
  "min_records_per_query": 100
}