{
  "total_requests": 200,
  "successful_requests": 200,
  "failed_requests": 0,
  "total_time_seconds": 2.043564796447754,
  "throughput_rps": 97.86819598167473,
  "avg_latency_ms": 15.30771017074585,
  "median_latency_ms": 14.021039009094238,
  "p95_latency_ms": 30.98546266555786,
  "p99_latency_ms": 34.85487461090088,
  "min_latency_ms": 8.520841598510742,
  "max_latency_ms": 34.86132621765137,
  "avg_hops": 1,
  "max_queue_size": 6,
  "avg_queue_size": 0.6,
  "final_queue_size": 0,
  "avg_processing_time_ms": 6.855685710906982,
  "total_records_returned": 20000,
  "avg_records_per_query": 100,
  "max_records_per_query": 100,
  "min_records_per_query": 100
}